#miRNA:	mmu-miR-124-3p
mut/seq	T	A	A	G	G	C	A	C	G	C	G	G	T	G	A	A	T	G	C	C
A	0.209755	0.000000	0.000000	0.151996	0.115517	0.051679	0.000000	0.031919	0.050159	0.033439	0.054719	0.036479	0.028879	0.171756	0.000000	0.000000	0.016720	0.018240	0.025839	0.021280
C	0.077518	0.089678	0.009120	0.474229	1.516925	0.000000	1.219012	0.000000	0.059279	0.000000	0.050159	0.141357	0.041039	0.139837	0.209755	0.375431	0.095758	0.022799	0.000000	0.000000
G	0.007600	0.056239	0.217355	0.000000	0.000000	0.449910	0.127677	0.272074	0.000000	0.065358	0.000000	0.000000	0.006080	0.000000	0.039519	0.045599	0.048639	0.000000	0.044079	0.006080
T	0.000000	0.074478	0.025839	2.634099	10.983265	15.851712	0.563907	4.900366	0.413430	0.997097	0.422550	0.721983	0.000000	0.323752	0.150477	0.275114	0.000000	0.142877	0.107917	0.089678
