#miRNA:	mmu-miR-1a-3p
mut/seq	T	G	G	A	A	T	G	T	A	A	A	G	A	A	G	T	A	T	G	T
A	0.000000	0.014586	0.009724	0.000000	0.000000	0.003241	0.011344	0.006483	0.000000	0.000000	0.000000	0.006483	0.000000	0.000000	0.004862	0.014586	0.000000	0.014586	0.008103	0.011344
C	0.008103	0.008103	0.016206	0.000000	0.000000	0.009724	0.006483	0.006483	0.003241	0.001621	0.000000	0.001621	0.001621	0.003241	0.014586	0.008103	0.009724	0.004862	0.009724	0.001621
G	0.068067	0.000000	0.000000	0.019448	0.009724	0.000000	0.000000	0.000000	0.009724	0.001621	0.017827	0.000000	0.008103	0.003241	0.000000	0.001621	0.000000	0.003241	0.000000	0.001621
T	0.000000	0.050240	0.056722	0.006483	0.008103	0.000000	0.024310	0.000000	0.001621	0.006483	0.008103	0.024310	0.004862	0.019448	0.249579	0.000000	0.016206	0.000000	0.012965	0.000000
